{"cameraMode":{"drawMode":0,"name":"Shaded","section":"Shading Mode"},"sceneLighting":true,"audioPlay":false,"sceneViewState":{"m_AlwaysRefresh":false,"showFog":true,"showSkybox":true,"showFlares":true,"showImageEffects":true,"showParticleSystems":true,"showVisualEffectGraphs":true,"m_FxEnabled":true},"in2DMode":false,"pivot":{"x":12.486358642578125,"y":-1.789052963256836,"z":11.238553047180176},"rotation":{"x":0.3701697587966919,"y":-0.1426791101694107,"z":0.057650674134492877,"w":0.9161295890808106},"size":9.662369728088379,"orthographic":false}